Model,Accuracy,Precision,Recall,F1-score
Decision Tree,0.7405247813411079,0.7170680459996186,0.717201166180758,0.7171284977637731
