Model,Accuracy,Precision,Recall,F1-score
KNN (k=5),0.7142857142857143,0.7142857142857143,0.7142857142857143,0.7142857142857143
