Model,Accuracy,Precision,Recall,F1-score
KNN Fine Tuned,0.7405247813411079,0.7142857142857143,0.7142857142857143,0.7142857142857143
