Model,Accuracy,Precision,Recall,F1-score
Logistic Regression,0.7784256559766763,0.7784256559766763,0.7784256559766763,0.7784256559766763
