Model,Accuracy,Precision,Recall,F1-score
Naive Bayes,0.7463556851311953,0.7470292586054267,0.7463556851311953,0.7443501919138009
